<?xml version="1.0" encoding='ISO-8859-1'?>
<!DOCTYPE book PUBLIC "-//OASIS//DTD DocBook XML V4.3//EN"
  "http://www.oasis-open.org/docbook/xml/4.3/docbookx.dtd" [
  <!ENTITY % cartoweb SYSTEM "../cartoweb.ent" >
  %cartoweb;
]>

<!-- $Id: template.xml,v 1.6 2005/02/21 18:09:23 asaunier Exp $ -->

<chapter id="user.template">
 <title><indexterm><primary>Templates</primary></indexterm>Templating</title>

 <sect1 id="user.template.intro"> 
  <title>Introduction</title>
  <para>
   <indexterm><primary>Smarty Templates</primary></indexterm>Smarty Template Engine is a convenient way to write HTML templates for dynamic pages.
   It enables to delocalize a great amount of layout processing. Thus it is pretty easy to customize a &cartoweb; application layout without affecting the application core.
  </para>
   
  <para>
   &cartoweb; templates are located in <filename>templates/</filename>
   root directory and in plugins <filename>templates/</filename> directories
   (see <xref linkend="user.structure.plugin"/>).
  </para>
  <para>
   More info about Smarty templates can be found here:
   <ulink url="http://smarty.php.net">http://smarty.php.net</ulink>. A comprehensive online documentation including a reference and examples is available in various languages here: <ulink url="http://smarty.php.net/docs.php">http://smarty.php.net/docs.php</ulink>.
  </para>
 </sect1>

 <sect1 id="user.template.i18n"> 
  <title><indexterm><primary>Internationalization, I18n</primary></indexterm>Internationalization</title>
  <para>
   It is possible - and recommended! - to use the <ulink url="http://smarty.incutio.com/?page=SmartyGettext">SmartyGettext</ulink> tool in order to translate template-embedded textual strings. Texts to be translated are identified using the <parameter>{t}</parameter> tag:
   <programlisting><![CDATA[<p>{t}Default text, please translate me{/t}</p>
<p>{t name="John Doe"}Hello my name is %1{/t}</p>
<p>{t 1='one' 2='two' 3='three'}The 1st parameter is %1, the 2nd is %2 and the 3nd %3.{/t}</p>]]></programlisting>
   See also <xref linkend="user.i18n" />
  </para>
 </sect1>

 <sect1 id="user.template.resource"> 
  <title><indexterm><primary>Resources</primary></indexterm>Resources</title>
  <para>
   Resources are identified using the <parameter>{r}</parameter> tag. <parameter>{r}</parameter> tags have a mandatory <parameter>type</parameter> attribute and an optional <parameter>plugin</parameter> one. First attribute is used to indicate the relative file location (files are grouped by types) in the file system whereas the second one tells what plugin uses the resource. Filename is placed between opening and closing tags.
  </para>
  <para>
   For instance to get the <filename>logo.png</filename> file located in <filename>htdocs/gfx/layout/</filename>, type in your template:
   <programlisting><![CDATA[<img src="{r type=gfx/layout}logo.png{/r}" alt="" />]]></programlisting>
   To get the zoom-in icons from the <parameter>location</parameter> plugin, type:
   <programlisting><![CDATA[<img src="{r type=gfx plugin=location}zoom_in.gif{/r}" alt="" />]]></programlisting>
  </para>
  <para>
   Generated URLs depend on what <parameter>urlProvider</parameter> has been set in the general client configuration file <filename>client.ini</filename>. See <xref linkend="user.config.client"/> for details about <parameter>urlProvider</parameter>.
  </para>
  <para>
   Following list shows all &cartoweb; resource types.
  </para>
  <itemizedlist>
   <listitem>
    <para>
     Htdocs root directory
    </para>
     <itemizedlist>
      <listitem>
       <para>
        path: <filename>/htdocs/css/toto.css</filename>
       </para>
      </listitem>
      <listitem>
       <para>
        Smarty: <filename>{r type=css}toto.css{/r}</filename>
       </para>
      </listitem>
      <listitem>
       <para>
        generated URL: <filename>css/toto.css</filename>
       </para>
      </listitem>
      <listitem>
       <para>
        generated URL (Miniproxy mode): <filename>r.php?t=css&amp;r=toto.css</filename>
       </para>
      </listitem>
     </itemizedlist>
   </listitem>
   <listitem>
    <para>
     Coreplugins
    </para>
     <itemizedlist>
      <listitem>
       <para>
        path: <filename>/coreplugins/layers/htdocs/css/toto.css</filename>
       </para>
      </listitem>
      <listitem>
       <para>
        Smarty: <filename>{r type=css plugin=layers}toto.css{/r}</filename>
       </para>
      </listitem>
      <listitem>
       <para>
        generated URL: <filename>layers/css/toto.css</filename>
       </para>
      </listitem>
      <listitem>
       <para>
        generated URL (Miniproxy mode): <filename>r.php?t=css&amp;pl=layers&amp;r=toto.css</filename>
       </para>
      </listitem>
     </itemizedlist>
   </listitem>
   <listitem>
    <para>
     Plugins
    </para>
     <itemizedlist>
      <listitem>
       <para>
        path: <filename>/plugins/hello/htdocs/css/toto.css</filename>
       </para>
      </listitem>
      <listitem>
       <para>
        Smarty: <filename>{r type=css plugin=hello}toto.css{/r}</filename>
       </para>
      </listitem>
      <listitem>
       <para>
        generated URL: <filename>hello/css/toto.css</filename>
       </para>
      </listitem>
      <listitem>
       <para>
        generated URL (Miniproxy mode): <filename>r.php?t=css&amp;pl=hello&amp;r=toto.css</filename>
       </para>
      </listitem>
     </itemizedlist>
   </listitem>
   <listitem>
    <para>
     Projects 
    </para>
     <itemizedlist>
      <listitem>
       <para>
        path: <filename>/projects/myproject/htdocs/css/toto.css</filename>
       </para>
      </listitem>
      <listitem>
       <para>
        Smarty: <filename>{r type=css}toto.css{/r}</filename>
       </para>
      </listitem>
      <listitem>
       <para>
        generated URL: <filename>myproject/css/toto.css</filename>
       </para>
      </listitem>
      <listitem>
       <para>
        generated URL (Miniproxy mode): <filename>r.php?t=css&amp;pr=myproject&amp;r=toto.css</filename>
       </para>
      </listitem>
     </itemizedlist>
   </listitem>
   <listitem>
    <para>
     Projects Coreplugins (override)
    </para>
     <itemizedlist>
      <listitem>
       <para>
        path: <filename>/projects/myproject/coreplugins/layers/htdocs/css/toto.css</filename>
       </para>
      </listitem>
      <listitem>
       <para>
        Smarty: <filename>{r type=css plugin=layers}toto.css{/r}</filename>
       </para>
      </listitem>
      <listitem>
       <para>
        generated URL: <filename>myproject/layers/css/toto.css</filename>
       </para>
      </listitem>
      <listitem>
       <para>
        generated URL (Miniproxy mode): <filename>r.php?t=css&amp;pl=layers&amp;pr=myproject&amp;r=toto.css</filename>
       </para>
      </listitem>
     </itemizedlist>
   </listitem>
   <listitem>
    <para>
     Projects Plugins (override)
    </para>
     <itemizedlist>
      <listitem>
       <para>
        path: <filename>/projects/myproject/plugins/hello/htdocs/css/toto.css</filename>
       </para>
      </listitem>
      <listitem>
       <para>
        Smarty: <filename>{r type=css plugin=hello}toto.css{/r}</filename>
       </para>
      </listitem>
      <listitem>
       <para>
        generated URL: <filename>myproject/hello/css/toto.css</filename>
       </para>
      </listitem>
      <listitem>
       <para>
        generated URL (Miniproxy mode): <filename>r.php?t=css&amp;pl=hello&amp;pr=myproject&amp;r=toto.css</filename>
       </para>
      </listitem>
     </itemizedlist>
   </listitem>
   <listitem>
    <para>
     Projects specific plugins
    </para>
     <itemizedlist>
      <listitem>
       <para>
        path: <filename>/projects/myproject/plugins/myplugin/htdocs/css/toto.css</filename>
       </para>
      </listitem>
      <listitem>
       <para>
        Smarty: <filename>{r type=css plugin=myplugin}toto.css{/r}</filename>
       </para>
      </listitem>
      <listitem>
       <para>
        generated URL: <filename>myproject/myplugin/css/toto.css</filename>
       </para>
      </listitem>
      <listitem>
       <para>
        generated URL (Miniproxy): <filename>r.php?t=css&amp;pl=myplugin&amp;pr=myproject&amp;r=toto.css</filename>
       </para>
      </listitem>
     </itemizedlist>
   </listitem>
  </itemizedlist>

 </sect1>

</chapter>
