<?xml version="1.0" encoding='ISO-8859-1'?>
<!DOCTYPE book PUBLIC "-//OASIS//DTD DocBook XML V4.3//EN"
  "http://www.oasis-open.org/docbook/xml/4.3/docbookx.dtd" [
  <!ENTITY % cartoweb SYSTEM "../cartoweb.ent" >
  %cartoweb;
]>

<!-- $Id: presentation.xml,v 1.10 2005/03/30 18:12:24 afellay Exp $ -->

<chapter id="intro.presentation">
 <title>Project Presentation</title>

 <sect1 id="intro.presentation.about">
  <title>About Cartoweb</title>
  <para>
   CartoWeb3 is a comprehensive and ready-to-use Web-GIS (Geographical Information 
   System), including many powerful features.
   As a modular and extensible solution, it is also a convenient framework for 
   building advanced and customized applications.
  </para>
  <para>
  Developed by <ulink url="http://www.camptocamp.com">Camptocamp SA</ulink>, it is 
  based on the <ulink url="http://mapserver.gis.umn.edu">UMN MapServer</ulink> engine 
  and is released under the <ulink url="http://www.gnu.org/copyleft/gpl.html">GNU GPL 
  license</ulink>.
  </para>
 </sect1>


 <sect1 id="intro.presentation.credit">
  <title>Credits</title>
  <para>
   To date, the following people have been more or less involved in the
   development of &cartoweb; :
  </para>
  <para>
   <itemizedlist>
    <listitem>
     <para>
     Sylvain Pasche
     </para>
    </listitem>
    <listitem>
     <para>
     Yves Bolognini
     </para>
    </listitem>
    <listitem>
     <para>
     Alexandre Saunier
     </para>
    </listitem>  
    <listitem>
     <para>
     Pierre Giraud
     </para>
    </listitem>  
    <listitem>
     <para>
     Daniel Faivre
     </para>
    </listitem>        
    <listitem>
     <para>
     Alexandre Fellay 
     </para>
    </listitem>
    <listitem>
     <para>
     Olivier Courtin
     </para>
    </listitem>    
    <listitem>
     <para>
     Arnaud Saint Leger
     </para>
    </listitem>
    <listitem>
     <para>
     Claude Philipona
     </para>
    </listitem>
    <listitem>
     <para>
     David Jonglez
     </para>
    </listitem>
    <listitem>
     <para>
     Marc Fournier
     </para>
    </listitem>
   </itemizedlist>
  </para>
 </sect1>

</chapter>
